{
    "name": "root",
    "metadata": {
        "timer_format_version": "0.1.0",
        "start_time_seconds": "1606402445",
        "python_version": "3.8.3 (default, May 19 2020, 06:50:17) [MSC v.1916 64 bit (AMD64)]",
        "command_line_arguments": "C:\\Users\\ayman\\miniconda3\\Scripts\\mlagents-learn Obelix-01.yml --run-id Test02",
        "mlagents_version": "0.21.0",
        "mlagents_envs_version": "0.21.0",
        "communication_protocol_version": "1.2.0",
        "tensorflow_version": "2.3.1",
        "numpy_version": "1.18.5",
        "end_time_seconds": "1606402494"
    },
    "total": 48.5995689,
    "count": 1,
    "self": 0.008659700000002601,
    "children": {
        "run_training.setup": {
            "total": 0.016413299999999964,
            "count": 1,
            "self": 0.016413299999999964
        },
        "TrainerController.start_learning": {
            "total": 48.5744959,
            "count": 1,
            "self": 0.6072570000001036,
            "children": {
                "TrainerController._reset_env": {
                    "total": 10.724283499999999,
                    "count": 1,
                    "self": 10.724283499999999
                },
                "TrainerController.advance": {
                    "total": 32.4496929999999,
                    "count": 2535,
                    "self": 0.03863309999993447,
                    "children": {
                        "env_step": {
                            "total": 32.41105989999996,
                            "count": 2535,
                            "self": 28.88720219999992,
                            "children": {
                                "SubprocessEnvManager._take_step": {
                                    "total": 3.4758109999999967,
                                    "count": 2535,
                                    "self": 0.08769439999989004,
                                    "children": {
                                        "TFPolicy.evaluate": {
                                            "total": 3.3881166000001066,
                                            "count": 2469,
                                            "self": 3.3881166000001066
                                        }
                                    }
                                },
                                "workers": {
                                    "total": 0.04804670000004663,
                                    "count": 2534,
                                    "self": 0.0,
                                    "children": {
                                        "worker_root": {
                                            "total": 35.369897999999964,
                                            "count": 2534,
                                            "is_parallel": true,
                                            "self": 10.905165799999867,
                                            "children": {
                                                "steps_from_proto": {
                                                    "total": 0.0014186999999994399,
                                                    "count": 1,
                                                    "is_parallel": true,
                                                    "self": 0.00031439999999882673,
                                                    "children": {
                                                        "_process_vector_observation": {
                                                            "total": 0.0011043000000006131,
                                                            "count": 2,
                                                            "is_parallel": true,
                                                            "self": 0.0011043000000006131
                                                        }
                                                    }
                                                },
                                                "UnityEnvironment.step": {
                                                    "total": 24.463313500000098,
                                                    "count": 2534,
                                                    "is_parallel": true,
                                                    "self": 0.23800100000014623,
                                                    "children": {
                                                        "UnityEnvironment._generate_step_input": {
                                                            "total": 0.7980825999999652,
                                                            "count": 2534,
                                                            "is_parallel": true,
                                                            "self": 0.7980825999999652
                                                        },
                                                        "communicator.exchange": {
                                                            "total": 22.50097749999999,
                                                            "count": 2534,
                                                            "is_parallel": true,
                                                            "self": 22.50097749999999
                                                        },
                                                        "steps_from_proto": {
                                                            "total": 0.9262523999999956,
                                                            "count": 2534,
                                                            "is_parallel": true,
                                                            "self": 0.45374220000006105,
                                                            "children": {
                                                                "_process_vector_observation": {
                                                                    "total": 0.4725101999999346,
                                                                    "count": 5068,
                                                                    "is_parallel": true,
                                                                    "self": 0.4725101999999346
                                                                }
                                                            }
                                                        }
                                                    }
                                                }
                                            }
                                        }
                                    }
                                }
                            }
                        }
                    }
                },
                "trainer_threads": {
                    "total": 3.1100000001060835e-05,
                    "count": 1,
                    "self": 3.1100000001060835e-05,
                    "children": {
                        "thread_root": {
                            "total": 0.0,
                            "count": 0,
                            "is_parallel": true,
                            "self": 0.0,
                            "children": {
                                "trainer_advance": {
                                    "total": 32.7697861000002,
                                    "count": 13152,
                                    "is_parallel": true,
                                    "self": 0.5538314000002913,
                                    "children": {
                                        "process_trajectory": {
                                            "total": 26.732875399999912,
                                            "count": 13152,
                                            "is_parallel": true,